{
	"id": "19d224cb-ab64-4a84-9f4b-5c38bb454dd6",
	"name": "DA4ACAD Tutorial",
	"values": [
		{
			"key": "client_id",
			"value": "",
			"enabled": true
		},
		{
			"key": "client_secret",
			"value": "",
			"enabled": true
		},
		{
			"key": "dasApiToken",
			"value": "",
			"enabled": true
		},
		{
			"key": "dasNickName",
			"value": "",
			"enabled": true
		},
		{
			"key": "dasAppBundleName",
			"value": "",
			"enabled": true
		},
		{
			"key": "dasActivityName",
			"value": "",
			"enabled": true
		},
		{
			"key": "dasActivityAlias",
			"value": "",
			"enabled": true
		},
		{
			"key": "dasAppBundleAlias",
			"value": "",
			"enabled": true
		},
		{
			"key": "dasWorkItemId",
			"value": "",
			"enabled": true
		},
		{
			"key": "ossBucketKey",
			"value": "",
			"enabled": true
		},
		{
			"key": "ossDwgFileObjectKey",
			"value": "",
			"enabled": true
		},
		{
			"key": "ossDwgFileSignedUrl",
			"value": "",
			"enabled": true
		},
		{
			"key": "ossOutputFileObjectKey",
			"value": "",
			"enabled": true
		},
		{
			"key": "ossOutputFileSignedUrl",
			"value": "",
			"enabled": true
		},
		{
			"key": "ListLayersAppFormRedirect",
			"value": "",
			"enabled": true
		},
		{
			"key": "ListLayersAppUrl",
			"value": "",
			"enabled": true
		},
		{
			"key": "ListLayersAppVersion",
			"value": "",
			"enabled": true
		},
		{
			"key": "ossZipFileSignedUrl",
			"value": "",
			"enabled": true
		}
	],
	"_postman_variable_scope": "environment",
	"_postman_exported_at": "2019-10-17T11:14:37.705Z",
	"_postman_exported_using": "Postman/7.8.0"
}