{
	"info": {
		"_postman_id": "2ea2fa27-d741-49b2-b271-1c1392840825",
		"name": "Automating AutoCAD",
		"schema": "https://schema.getpostman.com/json/collection/v2.1.0/collection.json",
		"_exporter_id": "3021021"
	},
	"item": [
		{
			"name": "Task 1 - Obtain an Access Token",
			"item": [
				{
					"name": "Get an Access Token",
					"event": [
						{
							"listen": "prerequest",
							"script": {
								"exec": [
									"const clientId =  pm.environment.get(\"client_id\");",
									"const clientSecret =  pm.environment.get(\"client_secret\");",
									"var clientAuthKeys =  btoa(clientId +\":\"+clientSecret);",
									"pm.collectionVariables.set(\"client_auth_keys\", clientAuthKeys);"
								],
								"type": "text/javascript"
							}
						},
						{
							"listen": "test",
							"script": {
								"exec": [
									"var body = JSON.parse(responseBody);",
									"pm.collectionVariables.set(\"dasApiToken\", body.access_token);"
								],
								"type": "text/javascript"
							}
						}
					],
					"request": {
						"method": "POST",
						"header": [
							{
								"key": "Content-Type",
								"value": "application/x-www-form-urlencoded",
								"type": "text"
							},
							{
								"key": "Accept",
								"value": "application/json",
								"type": "text"
							},
							{
								"key": "Authorization",
								"value": "Basic {{client_auth_keys}}",
								"type": "text"
							}
						],
						"body": {
							"mode": "urlencoded",
							"urlencoded": [
								{
									"key": "grant_type",
									"value": "client_credentials",
									"type": "text"
								},
								{
									"key": "scope",
									"value": "code:all data:write data:read bucket:create bucket:delete bucket:read",
									"type": "text"
								}
							]
						},
						"url": {
							"raw": "https://developer.api.autodesk.com/authentication/v2/token",
							"protocol": "https",
							"host": [
								"developer",
								"api",
								"autodesk",
								"com"
							],
							"path": [
								"authentication",
								"v2",
								"token"
							]
						}
					},
					"response": []
				}
			]
		},
		{
			"name": "Task 2 - Create a Nickname",
			"item": [
				{
					"name": "Create Nickname",
					"request": {
						"auth": {
							"type": "noauth"
						},
						"method": "PATCH",
						"header": [
							{
								"key": "Authorization",
								"value": "Bearer {{dasApiToken}}",
								"type": "text"
							},
							{
								"key": "Content-Type",
								"value": "application/json",
								"type": "text"
							}
						],
						"body": {
							"mode": "raw",
							"raw": "{\n\t\"nickname\": \"{{dasNickName}}\"\n}"
						},
						"url": {
							"raw": "https://developer.api.autodesk.com/da/us-east/v3/forgeapps/me",
							"protocol": "https",
							"host": [
								"developer",
								"api",
								"autodesk",
								"com"
							],
							"path": [
								"da",
								"us-east",
								"v3",
								"forgeapps",
								"me"
							]
						},
						"description": "[See documentation](https://aps.autodesk.com/en/docs/design-automation/v3/reference/http/forgeapps-id-PATCH/)"
					},
					"response": []
				}
			]
		},
		{
			"name": "Task 3 - Upload AppBundle",
			"item": [
				{
					"name": "Register the AppBundle",
					"event": [
						{
							"listen": "test",
							"script": {
								"exec": [
									"var body = JSON.parse(responseBody);",
									"pm.collectionVariables.set(\"ListLayersAppUrl\", body[\"uploadParameters\"][\"endpointURL\"]);",
									"pm.collectionVariables.set(\"ListLayersAppVersion\", body[\"version\"]);",
									"pm.collectionVariables.set(\"ListLayersAppFormDataKey\", body[\"uploadParameters\"][\"formData\"][\"key\"]);",
									"pm.collectionVariables.set(\"ListLayersAppFormDataPolicy\", body[\"uploadParameters\"][\"formData\"][\"policy\"]);",
									"pm.collectionVariables.set(\"ListLayersAppFormDataSignature\", body[\"uploadParameters\"][\"formData\"][\"x-amz-signature\"]);",
									"pm.collectionVariables.set(\"ListLayersAppFormDataCredential\", body[\"uploadParameters\"][\"formData\"][\"x-amz-credential\"]);",
									"pm.collectionVariables.set(\"ListLayersAppFormDataDate\", body[\"uploadParameters\"][\"formData\"][\"x-amz-date\"]);",
									"pm.collectionVariables.set(\"ListLayersAppFormDataToken\", body[\"uploadParameters\"][\"formData\"][\"x-amz-security-token\"]);",
									"pm.collectionVariables.set(\"ListLayersAppFormRedirect\", body[\"uploadParameters\"][\"formData\"][\"success_action_redirect\"]);"
								],
								"type": "text/javascript"
							}
						}
					],
					"request": {
						"method": "POST",
						"header": [
							{
								"key": "Authorization",
								"value": "Bearer {{dasApiToken}}",
								"type": "text"
							},
							{
								"key": "Content-Type",
								"value": "application/json",
								"type": "text"
							}
						],
						"body": {
							"mode": "raw",
							"raw": "{\n  \"id\": \"{{dasAppBundleName}}\",\n  \"engine\": \"Autodesk.AutoCAD+24_2\",\n  \"description\": \"List Layers AppBundle based on AutoCAD 2023\"\n}"
						},
						"url": {
							"raw": "https://developer.api.autodesk.com/da/us-east/v3/appbundles",
							"protocol": "https",
							"host": [
								"developer",
								"api",
								"autodesk",
								"com"
							],
							"path": [
								"da",
								"us-east",
								"v3",
								"appbundles"
							]
						},
						"description": "[See documentation](https://aps.autodesk.com/en/docs/design-automation/v3/reference/http/appbundles-POST/)"
					},
					"response": []
				},
				{
					"name": "Upload the AppBundle",
					"event": [
						{
							"listen": "prerequest",
							"script": {
								"exec": [
									""
								],
								"type": "text/javascript"
							}
						},
						{
							"listen": "test",
							"script": {
								"exec": [
									""
								],
								"type": "text/javascript"
							}
						}
					],
					"request": {
						"method": "POST",
						"header": [],
						"body": {
							"mode": "formdata",
							"formdata": [
								{
									"key": "key",
									"value": "{{ListLayersAppFormDataKey}}",
									"type": "text"
								},
								{
									"key": "content-type",
									"value": "application/octet-stream",
									"type": "text"
								},
								{
									"key": "policy",
									"value": "{{ListLayersAppFormDataPolicy}}",
									"type": "text"
								},
								{
									"key": "success_action_status",
									"value": "200",
									"type": "text"
								},
								{
									"key": "x-amz-signature",
									"value": "{{ListLayersAppFormDataSignature}}",
									"type": "text"
								},
								{
									"key": "x-amz-credential",
									"value": "{{ListLayersAppFormDataCredential}}",
									"type": "text"
								},
								{
									"key": "x-amz-algorithm",
									"value": "AWS4-HMAC-SHA256",
									"type": "text"
								},
								{
									"key": "x-amz-date",
									"value": "{{ListLayersAppFormDataDate}}",
									"type": "text"
								},
								{
									"key": "x-amz-server-side-encryption",
									"value": "AES256",
									"type": "text"
								},
								{
									"key": "x-amz-security-token",
									"value": "{{ListLayersAppFormDataToken}}",
									"type": "text"
								},
								{
									"key": "success_action_redirect",
									"value": "{{ListLayersAppFormRedirect}}",
									"type": "text"
								},
								{
									"key": "file",
									"type": "file",
									"src": "/Users/pereraj/autodesk-jp-public-repos/aps-tutorial-postman/DA4ACAD/tutorial_data/ListLayers.zip"
								}
							]
						},
						"url": {
							"raw": "{{ListLayersAppUrl}}",
							"host": [
								"{{ListLayersAppUrl}}"
							]
						},
						"description": "This request to the Design Automation API uploads an AppBundle to APS.\n\n&nbsp;\n\nBefore you send this request: \n\n  1. Download the file *ListLayers.zip* from the [*tutorial_data* folder of the repository that contained this Postman Collection](https://github.com/autodesk-platform-services/aps-tutorial-postman/tree/master/DA4ACAD/tutorial_data).\n  2. Go to the **Body** tab below.\n  3. Scroll down so that the **File** row is visible.\n  4. Click **Select** and pick *ListLayers.zip*, which you downloaded in step 1."
					},
					"response": []
				},
				{
					"name": "Create an Alias for the AppBundle",
					"event": [
						{
							"listen": "test",
							"script": {
								"exec": [
									"var body = JSON.parse(responseBody);",
									"pm.collectionVariables.set(\"dasAppBundleAlias\", body[\"id\"]);"
								],
								"type": "text/javascript"
							}
						}
					],
					"request": {
						"method": "POST",
						"header": [
							{
								"key": "",
								"value": "",
								"disabled": true
							},
							{
								"key": "Authorization",
								"value": "Bearer {{dasApiToken}}"
							},
							{
								"key": "Content-Type",
								"value": "application/json"
							}
						],
						"body": {
							"mode": "raw",
							"raw": "{\r\n  \"version\": {{ListLayersAppVersion}},\r\n  \"id\": \"my_working_version\"\r\n}"
						},
						"url": {
							"raw": "https://developer.api.autodesk.com/da/us-east/v3/appbundles/{{dasAppBundleName}}/aliases",
							"protocol": "https",
							"host": [
								"developer",
								"api",
								"autodesk",
								"com"
							],
							"path": [
								"da",
								"us-east",
								"v3",
								"appbundles",
								"{{dasAppBundleName}}",
								"aliases"
							]
						},
						"description": "[See documentation](https://aps.autodesk.com/en/docs/design-automation/v3/reference/http/appbundles-id-aliases-POST/)"
					},
					"response": []
				}
			]
		},
		{
			"name": "Task 4 - Publish an Activity",
			"item": [
				{
					"name": "Create a New Activity",
					"event": [
						{
							"listen": "test",
							"script": {
								"exec": [
									""
								],
								"type": "text/javascript"
							}
						}
					],
					"request": {
						"method": "POST",
						"header": [
							{
								"key": "Content-Type",
								"value": "application/json"
							},
							{
								"key": "Authorization",
								"value": "Bearer {{dasApiToken}}"
							}
						],
						"body": {
							"mode": "raw",
							"raw": "{\n  \"id\": \"{{dasActivityName}}\",\n  \"commandLine\": [\n    \"$(engine.path)\\\\accoreconsole.exe /i \\\"$(args[InputDwg].path)\\\" /al \\\"$(appbundles[{{dasAppBundleName}}].path)\\\" /s \\\"$(settings[script].path)\\\"\"\n  ],\n  \"parameters\": {\n    \"InputDwg\": {\n      \"zip\": false,\n      \"ondemand\": false,\n      \"verb\": \"get\",\n      \"description\": \"Input drawing file\",\n      \"localName\": \"Input.dwg\"\n    },\n    \"result\": {\n      \"zip\": false,\n      \"ondemand\": false,\n      \"verb\": \"put\",\n      \"description\": \"Results\",\n      \"required\": true,\n      \"localName\": \"layers.txt\"\n    }\n  },\n  \"engine\": \"Autodesk.AutoCAD+24_2\",\n  \"appbundles\": [\n    \"{{dasNickName}}.{{dasAppBundleName}}+{{dasAppBundleAlias}}\"\n  ],\n  \"settings\": {\n    \"script\": \"(command \\\"LISTLAYERS\\\")\\n\"\n  },\n  \"description\": \"Extracts layer names from an input drawing file and saves them to a text file\"\n}"
						},
						"url": {
							"raw": "https://developer.api.autodesk.com/da/us-east/v3/activities",
							"protocol": "https",
							"host": [
								"developer",
								"api",
								"autodesk",
								"com"
							],
							"path": [
								"da",
								"us-east",
								"v3",
								"activities"
							]
						},
						"description": "[See documentation](https://aps.autodesk.com/en/docs/design-automation/v3/reference/http/activities-POST/)"
					},
					"response": []
				},
				{
					"name": "Create an Alias for the Activity",
					"event": [
						{
							"listen": "test",
							"script": {
								"exec": [
									"var body = JSON.parse(responseBody);",
									"pm.environment.set(\"dasActivityAlias\", body[\"id\"]);"
								],
								"type": "text/javascript"
							}
						}
					],
					"request": {
						"method": "POST",
						"header": [
							{
								"key": "Content-Type",
								"value": "application/json"
							},
							{
								"key": "Authorization",
								"value": "Bearer {{dasApiToken}} "
							}
						],
						"body": {
							"mode": "raw",
							"raw": "{\r\n    \"id\": \"my_current_version\",\r\n    \"version\": 1\r\n}"
						},
						"url": {
							"raw": "https://developer.api.autodesk.com/da/us-east/v3/activities/{{dasActivityName}}/aliases",
							"protocol": "https",
							"host": [
								"developer",
								"api",
								"autodesk",
								"com"
							],
							"path": [
								"da",
								"us-east",
								"v3",
								"activities",
								"{{dasActivityName}}",
								"aliases"
							]
						},
						"description": "[See documentation](https://aps.autodesk.com/en/docs/design-automation/v3/reference/http/activities-id-aliases-POST/)"
					},
					"response": []
				}
			],
			"event": [
				{
					"listen": "prerequest",
					"script": {
						"type": "text/javascript",
						"exec": [
							""
						]
					}
				},
				{
					"listen": "test",
					"script": {
						"type": "text/javascript",
						"exec": [
							""
						]
					}
				}
			]
		},
		{
			"name": "Task 5 - Prepare Cloud Storage",
			"item": [
				{
					"name": "Create a Bucket",
					"event": [
						{
							"listen": "test",
							"script": {
								"exec": [
									""
								],
								"type": "text/javascript"
							}
						}
					],
					"request": {
						"auth": {
							"type": "noauth"
						},
						"method": "POST",
						"header": [
							{
								"key": "Content-Type",
								"value": "application/json"
							},
							{
								"key": "Authorization",
								"value": "Bearer {{dasApiToken}}"
							}
						],
						"body": {
							"mode": "raw",
							"raw": "{\n\t\"bucketKey\": \"{{ossBucketKey}}\",\n\t\"access\": \"full\",\n\t\"policyKey\": \"transient\"\n}\n"
						},
						"url": {
							"raw": "https://developer.api.autodesk.com/oss/v2/buckets",
							"protocol": "https",
							"host": [
								"developer",
								"api",
								"autodesk",
								"com"
							],
							"path": [
								"oss",
								"v2",
								"buckets"
							]
						},
						"description": "[See documentation](https://aps.autodesk.com/en/docs/data/v2/reference/http/buckets-POST/)"
					},
					"response": []
				},
				{
					"name": "Obtain Signed URL to Upload the Input File",
					"event": [
						{
							"listen": "test",
							"script": {
								"exec": [
									"var body = JSON.parse(responseBody);",
									"pm.collectionVariables.set(\"UploadKey\", body.uploadKey);",
									"pm.collectionVariables.set(\"ContentUploadSignedURL\", body.urls[0]);"
								],
								"type": "text/javascript"
							}
						}
					],
					"protocolProfileBehavior": {
						"disabledSystemHeaders": {}
					},
					"request": {
						"auth": {
							"type": "noauth"
						},
						"method": "GET",
						"header": [
							{
								"key": "Authorization",
								"value": "Bearer {{dasApiToken}}",
								"type": "text"
							}
						],
						"url": {
							"raw": "https://developer.api.autodesk.com/oss/v2/buckets/{{ossBucketKey}}/objects/{{ossDwgFileObjectKey}}/signeds3upload",
							"protocol": "https",
							"host": [
								"developer",
								"api",
								"autodesk",
								"com"
							],
							"path": [
								"oss",
								"v2",
								"buckets",
								"{{ossBucketKey}}",
								"objects",
								"{{ossDwgFileObjectKey}}",
								"signeds3upload"
							],
							"query": [
								{
									"key": "minutesExpiration",
									"value": "5",
									"disabled": true
								}
							]
						}
					},
					"response": []
				},
				{
					"name": "Upload the Input File to OSS Copy",
					"event": [
						{
							"listen": "test",
							"script": {
								"exec": [
									"console.log(pm.request.body.file.src)"
								],
								"type": "text/javascript"
							}
						}
					],
					"request": {
						"auth": {
							"type": "noauth"
						},
						"method": "PUT",
						"header": [
							{
								"key": "Authorization",
								"value": "Bearer {{dasApiToken}}",
								"type": "text",
								"disabled": true
							}
						],
						"body": {
							"mode": "file",
							"file": {
								"src": "/Users/pereraj/autodesk-jp-public-repos/aps-tutorial-postman/DA4ACAD/tutorial_data/Mechanical - Multileaders.dwg"
							}
						},
						"url": {
							"raw": "{{ContentUploadSignedURL}}",
							"host": [
								"{{ContentUploadSignedURL}}"
							]
						}
					},
					"response": []
				},
				{
					"name": "Complete the Upload",
					"event": [
						{
							"listen": "test",
							"script": {
								"exec": [
									"var body = JSON.parse(responseBody);",
									"pm.collectionVariables.set(\"ossDwgFileObjectId\", body.objectId);"
								],
								"type": "text/javascript"
							}
						}
					],
					"protocolProfileBehavior": {
						"disabledSystemHeaders": {}
					},
					"request": {
						"auth": {
							"type": "noauth"
						},
						"method": "POST",
						"header": [
							{
								"key": "Authorization",
								"value": "Bearer {{dasApiToken}}",
								"type": "text"
							},
							{
								"key": "Content-Type",
								"value": "application/json",
								"type": "text"
							}
						],
						"body": {
							"mode": "raw",
							"raw": "{\n    \"uploadKey\":\"{{UploadKey}}\"\n}"
						},
						"url": {
							"raw": "https://developer.api.autodesk.com/oss/v2/buckets/{{ossBucketKey}}/objects/{{ossDwgFileObjectKey}}/signeds3upload",
							"protocol": "https",
							"host": [
								"developer",
								"api",
								"autodesk",
								"com"
							],
							"path": [
								"oss",
								"v2",
								"buckets",
								"{{ossBucketKey}}",
								"objects",
								"{{ossDwgFileObjectKey}}",
								"signeds3upload"
							]
						}
					},
					"response": []
				}
			],
			"event": [
				{
					"listen": "prerequest",
					"script": {
						"type": "text/javascript",
						"exec": [
							""
						]
					}
				},
				{
					"listen": "test",
					"script": {
						"type": "text/javascript",
						"exec": [
							""
						]
					}
				}
			]
		},
		{
			"name": "Task 6 - Submit a WorkItem",
			"item": [
				{
					"name": "Send WorkItem",
					"event": [
						{
							"listen": "test",
							"script": {
								"exec": [
									"var body = JSON.parse(responseBody);",
									"pm.collectionVariables.set(\"dasWorkItemId\", body[\"id\"]);"
								],
								"type": "text/javascript"
							}
						},
						{
							"listen": "prerequest",
							"script": {
								"exec": [
									""
								],
								"type": "text/javascript"
							}
						}
					],
					"request": {
						"method": "POST",
						"header": [
							{
								"key": "Content-Type",
								"value": "application/json"
							},
							{
								"key": "Authorization",
								"value": "Bearer {{dasApiToken}}"
							}
						],
						"body": {
							"mode": "raw",
							"raw": "{\n    \"activityId\": \"{{dasNickName}}.{{dasActivityName}}+{{dasActivityAlias}}\",\n    \"arguments\": {\n        \"InputDwg\": {\n            \"url\": \"urn:adsk.objects:os.object:{{ossBucketKey}}/{{ossDwgFileObjectKey}}\",\n            \"verb\": \"get\",\n            \"headers\": {\n                \"Authorization\": \"Bearer {{dasApiToken}}\"\n            }\n        },\n        \"result\": {\n            \"url\": \"urn:adsk.objects:os.object:{{ossBucketKey}}/{{ossOutputFileObjectKey}}\",\n            \"verb\": \"put\",\n            \"headers\": {\n                \"Authorization\": \"Bearer {{dasApiToken}}\"\n            }\n        }\n    }\n}"
						},
						"url": {
							"raw": "https://developer.api.autodesk.com/da/us-east/v3/workitems",
							"protocol": "https",
							"host": [
								"developer",
								"api",
								"autodesk",
								"com"
							],
							"path": [
								"da",
								"us-east",
								"v3",
								"workitems"
							]
						},
						"description": "[See documentation](https://aps.autodesk.com/en/docs/design-automation/v3/reference/http/workitems-POST/)"
					},
					"response": []
				},
				{
					"name": "Check Status of the WorkItem",
					"request": {
						"method": "GET",
						"header": [
							{
								"key": "Content-Type",
								"value": "application/json"
							},
							{
								"key": "Authorization",
								"value": "Bearer {{dasApiToken}}"
							}
						],
						"url": {
							"raw": "https://developer.api.autodesk.com/da/us-east/v3/workitems/{{dasWorkItemId}}",
							"protocol": "https",
							"host": [
								"developer",
								"api",
								"autodesk",
								"com"
							],
							"path": [
								"da",
								"us-east",
								"v3",
								"workitems",
								"{{dasWorkItemId}}"
							]
						},
						"description": "[See documentation](https://aps.autodesk.com/en/docs/design-automation/v3/reference/http/workitems-id-GET/)"
					},
					"response": []
				}
			],
			"event": [
				{
					"listen": "prerequest",
					"script": {
						"type": "text/javascript",
						"exec": [
							""
						]
					}
				},
				{
					"listen": "test",
					"script": {
						"type": "text/javascript",
						"exec": [
							""
						]
					}
				}
			]
		},
		{
			"name": "Task 7 - Download the Results ",
			"item": [
				{
					"name": "Get S3 Download URL for the Result",
					"event": [
						{
							"listen": "test",
							"script": {
								"exec": [
									"var body = JSON.parse(responseBody);",
									"pm.environment.set(\"ossOutputFileDownloadUrl\", body[\"url\"]);",
									""
								],
								"type": "text/javascript"
							}
						}
					],
					"protocolProfileBehavior": {
						"disableBodyPruning": true
					},
					"request": {
						"method": "GET",
						"header": [
							{
								"key": "Content-Type",
								"value": "application/json"
							},
							{
								"key": "Authorization",
								"value": "Bearer {{dasApiToken}}"
							}
						],
						"body": {
							"mode": "raw",
							"raw": "{}\n"
						},
						"url": {
							"raw": "https://developer.api.autodesk.com/oss/v2/buckets/{{ossBucketKey}}/objects/{{ossOutputFileObjectKey}}/signeds3download",
							"protocol": "https",
							"host": [
								"developer",
								"api",
								"autodesk",
								"com"
							],
							"path": [
								"oss",
								"v2",
								"buckets",
								"{{ossBucketKey}}",
								"objects",
								"{{ossOutputFileObjectKey}}",
								"signeds3download"
							]
						},
						"description": "[See documentation](https://aps.autodesk.com/en/docs/data/v2/reference/http/buckets-:bucketKey-objects-:objectName-signed-POST/)"
					},
					"response": []
				},
				{
					"name": "Download Output from OSS Copy",
					"request": {
						"method": "GET",
						"header": [],
						"url": {
							"raw": "{{ossOutputFileDownloadUrl}}",
							"host": [
								"{{ossOutputFileDownloadUrl}}"
							]
						},
						"description": "[See documentation](https://aps.autodesk.com/en/docs/data/v2/reference/http/buckets-:bucketKey-objects-:objectName-GET/)"
					},
					"response": []
				}
			],
			"event": [
				{
					"listen": "prerequest",
					"script": {
						"type": "text/javascript",
						"exec": [
							""
						]
					}
				},
				{
					"listen": "test",
					"script": {
						"type": "text/javascript",
						"exec": [
							""
						]
					}
				}
			]
		},
		{
			"name": "Extras",
			"item": [
				{
					"name": "Delete App Data in Design Automation",
					"request": {
						"method": "DELETE",
						"header": [
							{
								"key": "Content-Type",
								"value": "application/json"
							},
							{
								"key": "Authorization",
								"value": "Bearer {{dasApiToken}}"
							}
						],
						"body": {
							"mode": "raw",
							"raw": ""
						},
						"url": {
							"raw": "https://developer.api.autodesk.com/da/us-east/v3/forgeapps/me",
							"protocol": "https",
							"host": [
								"developer",
								"api",
								"autodesk",
								"com"
							],
							"path": [
								"da",
								"us-east",
								"v3",
								"forgeapps",
								"me"
							]
						},
						"description": "[See documentation](https://aps.autodesk.com/en/docs/design-automation/v3/reference/http/forgeapps-id-DELETE/)"
					},
					"response": []
				},
				{
					"name": "Delete OSS Bucket",
					"event": [
						{
							"listen": "test",
							"script": {
								"exec": [
									""
								],
								"type": "text/javascript"
							}
						}
					],
					"request": {
						"method": "DELETE",
						"header": [
							{
								"key": "Content-Type",
								"value": "application/json"
							},
							{
								"key": "Authorization",
								"value": "Bearer {{dasApiToken}}"
							}
						],
						"body": {
							"mode": "raw",
							"raw": ""
						},
						"url": {
							"raw": "https://developer.api.autodesk.com/oss/v2/buckets/{{ossBucketKey}}",
							"protocol": "https",
							"host": [
								"developer",
								"api",
								"autodesk",
								"com"
							],
							"path": [
								"oss",
								"v2",
								"buckets",
								"{{ossBucketKey}}"
							]
						},
						"description": "[See documentation](https://aps.autodesk.com/en/docs/data/v2/reference/http/buckets-:bucketKey-DELETE/)"
					},
					"response": []
				},
				{
					"name": "List engines",
					"protocolProfileBehavior": {
						"disableBodyPruning": true
					},
					"request": {
						"method": "GET",
						"header": [
							{
								"key": "Authorization",
								"value": "Bearer {{dasApiToken}}",
								"type": "text"
							},
							{
								"key": "Content-Type",
								"name": "Content-Type",
								"value": "application/json",
								"type": "text"
							}
						],
						"body": {
							"mode": "raw",
							"raw": "",
							"options": {
								"raw": {
									"language": "json"
								}
							}
						},
						"url": {
							"raw": "https://developer.api.autodesk.com/da/us-east/v3/engines",
							"protocol": "https",
							"host": [
								"developer",
								"api",
								"autodesk",
								"com"
							],
							"path": [
								"da",
								"us-east",
								"v3",
								"engines"
							]
						},
						"description": "This request to the Design Automation API lists all the engines currently supported by Design Automation."
					},
					"response": []
				},
				{
					"name": "List Activities",
					"request": {
						"method": "GET",
						"header": [
							{
								"key": "Authorization",
								"value": "Bearer {{dasApiToken}}",
								"type": "text"
							}
						],
						"url": {
							"raw": "https://developer.api.autodesk.com/da/us-east/v3/activities",
							"protocol": "https",
							"host": [
								"developer",
								"api",
								"autodesk",
								"com"
							],
							"path": [
								"da",
								"us-east",
								"v3",
								"activities"
							]
						},
						"description": "[See documentation](https://aps.autodesk.com/en/docs/design-automation/v3/reference/http/activities-GET/)"
					},
					"response": []
				},
				{
					"name": "Delete Activity",
					"request": {
						"method": "DELETE",
						"header": [
							{
								"key": "Authorization",
								"type": "text",
								"value": "Bearer {{dasApiToken}}"
							}
						],
						"url": {
							"raw": "https://developer.api.autodesk.com/da/us-east/v3/activities/{{dasActivityName}}",
							"protocol": "https",
							"host": [
								"developer",
								"api",
								"autodesk",
								"com"
							],
							"path": [
								"da",
								"us-east",
								"v3",
								"activities",
								"{{dasActivityName}}"
							]
						},
						"description": "[See documentation](https://aps.autodesk.com/en/docs/design-automation/v3/reference/http/activities-GET/)"
					},
					"response": []
				},
				{
					"name": "List objects in a Bucket",
					"request": {
						"method": "GET",
						"header": [
							{
								"key": "Authorization",
								"value": "Bearer {{dasApiToken}}",
								"type": "text"
							}
						],
						"url": {
							"raw": "https://developer.api.autodesk.com/oss/v2/buckets/{{ossBucketKey}}/objects",
							"protocol": "https",
							"host": [
								"developer",
								"api",
								"autodesk",
								"com"
							],
							"path": [
								"oss",
								"v2",
								"buckets",
								"{{ossBucketKey}}",
								"objects"
							]
						},
						"description": "[See documentation](https://aps.autodesk.com/en/docs/data/v2/reference/http/buckets-:bucketKey-objects-GET/)"
					},
					"response": []
				},
				{
					"name": "List Buckets",
					"request": {
						"method": "GET",
						"header": [
							{
								"key": "Authorization",
								"value": "Bearer {{dasApiToken}}",
								"type": "text"
							}
						],
						"url": {
							"raw": "https://developer.api.autodesk.com/oss/v2/buckets",
							"protocol": "https",
							"host": [
								"developer",
								"api",
								"autodesk",
								"com"
							],
							"path": [
								"oss",
								"v2",
								"buckets"
							]
						},
						"description": "[See documentation](https://aps.autodesk.com/en/docs/data/v2/reference/http/buckets-GET/)"
					},
					"response": []
				},
				{
					"name": "Get Bucket Details",
					"request": {
						"method": "GET",
						"header": [
							{
								"key": "Authorization",
								"value": "Bearer {{dasApiToken}}",
								"type": "text"
							}
						],
						"url": {
							"raw": "https://developer.api.autodesk.com/oss/v2/buckets/{{ossBucketKey}}/details",
							"protocol": "https",
							"host": [
								"developer",
								"api",
								"autodesk",
								"com"
							],
							"path": [
								"oss",
								"v2",
								"buckets",
								"{{ossBucketKey}}",
								"details"
							]
						},
						"description": "[See documentation](https://aps.autodesk.com/en/docs/data/v2/reference/http/buckets-:bucketKey-details-GET/)"
					},
					"response": []
				},
				{
					"name": "Get all Accessible App Bundles",
					"request": {
						"method": "GET",
						"header": [
							{
								"key": "Authorization",
								"value": "Bearer {{dasApiToken}}",
								"type": "text"
							}
						],
						"url": {
							"raw": "https://developer.api.autodesk.com/da/us-east/v3/appbundles",
							"protocol": "https",
							"host": [
								"developer",
								"api",
								"autodesk",
								"com"
							],
							"path": [
								"da",
								"us-east",
								"v3",
								"appbundles"
							]
						},
						"description": "[See documentation](https://aps.autodesk.com/en/docs/data/v2/reference/http/buckets-:bucketKey-details-GET/)"
					},
					"response": []
				},
				{
					"name": "Get S3 Download URL",
					"event": [
						{
							"listen": "test",
							"script": {
								"exec": [
									"var body = JSON.parse(responseBody);",
									"pm.collectionVariables.set(\"ossDwgFileSignedUrl\", body[\"signedUrl\"]);",
									""
								],
								"type": "text/javascript"
							}
						}
					],
					"request": {
						"method": "POST",
						"header": [
							{
								"key": "Content-Type",
								"value": "application/json"
							},
							{
								"key": "Authorization",
								"value": "Bearer {{dasApiToken}}"
							}
						],
						"body": {
							"mode": "raw",
							"raw": "{}\n"
						},
						"url": {
							"raw": "https://developer.api.autodesk.com/oss/v2/buckets/{{ossBucketKey}}/objects/{{ossDwgFileObjectKey}}/signed",
							"protocol": "https",
							"host": [
								"developer",
								"api",
								"autodesk",
								"com"
							],
							"path": [
								"oss",
								"v2",
								"buckets",
								"{{ossBucketKey}}",
								"objects",
								"{{ossDwgFileObjectKey}}",
								"signed"
							]
						},
						"description": "[See documentation](https://aps.autodesk.com/en/docs/data/v2/reference/http/buckets-:bucketKey-objects-:objectName-signed-POST/)"
					},
					"response": []
				},
				{
					"name": "Get Temporary URL to Upload Output",
					"event": [
						{
							"listen": "prerequest",
							"script": {
								"exec": [
									""
								],
								"type": "text/javascript"
							}
						},
						{
							"listen": "test",
							"script": {
								"exec": [
									"var body = JSON.parse(responseBody);",
									"pm.collectionVariables.set(\"ossOutputFileSignedUrl\", body[\"signedUrl\"]);"
								],
								"type": "text/javascript"
							}
						}
					],
					"request": {
						"method": "POST",
						"header": [
							{
								"key": "Content-Type",
								"value": "application/json"
							},
							{
								"key": "Authorization",
								"value": "Bearer {{dasApiToken}}"
							}
						],
						"body": {
							"mode": "raw",
							"raw": "{}"
						},
						"url": {
							"raw": "https://developer.api.autodesk.com/oss/v2/buckets/{{ossBucketKey}}/objects/{{ossOutputFileObjectKey}}/signed?access=readwrite",
							"protocol": "https",
							"host": [
								"developer",
								"api",
								"autodesk",
								"com"
							],
							"path": [
								"oss",
								"v2",
								"buckets",
								"{{ossBucketKey}}",
								"objects",
								"{{ossOutputFileObjectKey}}",
								"signed"
							],
							"query": [
								{
									"key": "access",
									"value": "readwrite"
								}
							]
						},
						"description": "[See documentation](https://aps.autodesk.com/en/docs/data/v2/reference/http/buckets-:bucketKey-objects-:objectName-signed-POST/)"
					},
					"response": []
				},
				{
					"name": "My App Nickname",
					"request": {
						"method": "GET",
						"header": [
							{
								"key": "Authorization",
								"value": "Bearer {{dasApiToken}}",
								"type": "text"
							}
						],
						"url": {
							"raw": "https://developer.api.autodesk.com/da/us-east/v3/forgeapps/me",
							"protocol": "https",
							"host": [
								"developer",
								"api",
								"autodesk",
								"com"
							],
							"path": [
								"da",
								"us-east",
								"v3",
								"forgeapps",
								"me"
							]
						}
					},
					"response": []
				}
			],
			"event": [
				{
					"listen": "prerequest",
					"script": {
						"type": "text/javascript",
						"exec": [
							""
						]
					}
				},
				{
					"listen": "test",
					"script": {
						"type": "text/javascript",
						"exec": [
							""
						]
					}
				}
			]
		}
	],
	"variable": [
		{
			"key": "client_auth_keys",
			"value": ""
		},
		{
			"key": "dasApiToken",
			"value": ""
		},
		{
			"key": "ListLayersAppUrl",
			"value": ""
		},
		{
			"key": "ListLayersAppVersion",
			"value": ""
		},
		{
			"key": "ListLayersAppFormDataKey",
			"value": ""
		},
		{
			"key": "ListLayersAppFormDataPolicy",
			"value": ""
		},
		{
			"key": "ListLayersAppFormDataSignature",
			"value": ""
		},
		{
			"key": "ListLayersAppFormDataCredential",
			"value": ""
		},
		{
			"key": "ListLayersAppFormDataDate",
			"value": ""
		},
		{
			"key": "ListLayersAppFormDataToken",
			"value": ""
		},
		{
			"key": "ListLayersAppFormRedirect",
			"value": ""
		},
		{
			"key": "dasAppBundleAlias",
			"value": ""
		},
		{
			"key": "UploadKey",
			"value": ""
		},
		{
			"key": "ContentUploadSignedURL",
			"value": ""
		},
		{
			"key": "ossDwgFileSignedUrl",
			"value": ""
		},
		{
			"key": "ossOutputFileSignedUrl",
			"value": ""
		},
		{
			"key": "dasWorkItemId",
			"value": ""
		},
		{
			"key": "ossDwgFileObjectId",
			"value": ""
		},
		{
			"key": "ossDwgFileUrn",
			"value": ""
		}
	]
}