{
	"id": "aa4d85e6-1628-4a98-9b8f-7f981823f7ee",
	"name": "DA4Revit",
	"values": [
		{
			"key": "baseUrl",
			"value": "https://developer.api.autodesk.com",
			"enabled": true
		},
		{
			"key": "dasApiRoot",
			"value": "{{baseUrl}}/da/us-east/v3",
			"enabled": true
		},
		{
			"key": "client_id",
			"value": "",
			"enabled": true
		},
		{
			"key": "client_secret",
			"value": "",
			"enabled": true
		},
		{
			"key": "dasNickName",
			"value": "",
			"enabled": true
		},
		{
			"key": "ossBucketKey",
			"value": "",
			"enabled": true
		},
		{
			"key": "ossInputFileObjectKey",
			"value": "",
			"enabled": true
		},
		{
			"key": "ossOutputFileObjectKey",
			"value": "",
			"enabled": true
		}
	],
	"_postman_variable_scope": "environment",
	"_postman_exported_at": "2023-10-04T03:35:09.382Z",
	"_postman_exported_using": "Postman/10.18.2"
}