{
	"id": "f143105d-7bde-4dc2-ba95-78e1d1b334bf",
	"name": "DA43dsMax Tutorial",
	"values": [
		{
			"key": "client_id",
			"value": "",
			"enabled": true
		},
		{
			"key": "client_secret",
			"value": "",
			"enabled": true
		},
		{
			"key": "dasNickName",
			"value": "",
			"enabled": true
		},
		{
			"key": "ossBucketKey",
			"value": "",
			"enabled": true
		},
		{
			"key": "ossZipFileObjectKey",
			"value": "",
			"enabled": true
		},
		{
			"key": "ossScriptFileObjectKey",
			"value": "",
			"enabled": true
		},
		{
			"key": "ossOutputFileObjectKey",
			"value": "",
			"enabled": true
		},
		{
			"key": "ossScriptFileObjectKey",
			"value": "",
			"enabled": true
		}
	],
	"_postman_variable_scope": "environment",
	"_postman_exported_at": "2023-10-04T06:27:28.438Z",
	"_postman_exported_using": "Postman/10.18.2"
}