{
	"id": "9ec11570-508e-432e-949b-21c270eb004c",
	"name": "DA4Inventor",
	"values": [
		{
			"key": "client_id",
			"value": "",
			"enabled": true
		},
		{
			"key": "client_secret",
			"value": "",
			"enabled": true
		},
		{
			"key": "dasNickName",
			"value": "",
			"enabled": true
		},
		{
			"key": "ossBucketKey",
			"value": "",
			"enabled": true
		},
		{
			"key": "ossInputFileObjectKey",
			"value": "",
			"enabled": true
		},
		{
			"key": "ossOutputIptFileObjectKey",
			"value": "",
			"enabled": true
		},
		{
			"key": "ossOutputIamFileObjectKey",
			"value": "",
			"enabled": true
		},
		{
			"key": "ossOutputBmpFileObjectKey",
			"value": "",
			"enabled": true
		},
		{
			"key": "dasApiToken",
			"value": "",
			"enabled": true
		}
	],
	"_postman_variable_scope": "environment",
	"_postman_exported_at": "2019-09-03T09:06:46.253Z",
	"_postman_exported_using": "Postman/7.6.0"
}