{
	"info": {
		"_postman_id": "eb9f473f-4a26-4b60-b03d-b6bfd6770478",
		"name": "Automating Inventor",
		"schema": "https://schema.getpostman.com/json/collection/v2.1.0/collection.json",
		"_exporter_id": "3021021"
	},
	"item": [
		{
			"name": "Task 1 - Obtain an Access Token",
			"item": [
				{
					"name": "Get an Access Token",
					"event": [
						{
							"listen": "prerequest",
							"script": {
								"exec": [
									"const clientId =  pm.environment.get(\"client_id\");",
									"const clientSecret =  pm.environment.get(\"client_secret\");",
									"var clientAuthKeys =  btoa(clientId +\":\"+clientSecret);",
									"pm.collectionVariables.set(\"client_auth_keys\", clientAuthKeys);"
								],
								"type": "text/javascript"
							}
						},
						{
							"listen": "test",
							"script": {
								"exec": [
									"var body = JSON.parse(responseBody);",
									"pm.collectionVariables.set(\"dasApiToken\", body.access_token);"
								],
								"type": "text/javascript"
							}
						}
					],
					"request": {
						"method": "POST",
						"header": [
							{
								"key": "Content-Type",
								"value": "application/x-www-form-urlencoded",
								"type": "text"
							},
							{
								"key": "Accept",
								"value": "application/json",
								"type": "text"
							},
							{
								"key": "Authorization",
								"value": "Basic {{client_auth_keys}}",
								"type": "text"
							}
						],
						"body": {
							"mode": "urlencoded",
							"urlencoded": [
								{
									"key": "grant_type",
									"value": "client_credentials",
									"type": "text"
								},
								{
									"key": "scope",
									"value": "code:all data:write data:read bucket:create bucket:delete bucket:read",
									"type": "text"
								}
							]
						},
						"url": {
							"raw": "https://developer.api.autodesk.com/authentication/v2/token",
							"protocol": "https",
							"host": [
								"developer",
								"api",
								"autodesk",
								"com"
							],
							"path": [
								"authentication",
								"v2",
								"token"
							]
						}
					},
					"response": []
				}
			]
		},
		{
			"name": "Task 2 - Create a Nickname",
			"item": [
				{
					"name": "Create Nickname",
					"request": {
						"auth": {
							"type": "noauth"
						},
						"method": "PATCH",
						"header": [
							{
								"key": "Authorization",
								"value": "Bearer {{dasApiToken}}",
								"type": "text"
							},
							{
								"key": "Content-Type",
								"value": "application/json",
								"type": "text"
							}
						],
						"body": {
							"mode": "raw",
							"raw": "{\n\t\"nickname\": \"{{dasNickName}}\"\n}"
						},
						"url": {
							"raw": "https://developer.api.autodesk.com/da/us-east/v3/forgeapps/me",
							"protocol": "https",
							"host": [
								"developer",
								"api",
								"autodesk",
								"com"
							],
							"path": [
								"da",
								"us-east",
								"v3",
								"forgeapps",
								"me"
							]
						},
						"description": "[See documentation](https://aps.autodesk.com/en/docs/design-automation/v3/reference/http/forgeapps-id-PATCH/)"
					},
					"response": []
				}
			],
			"event": [
				{
					"listen": "prerequest",
					"script": {
						"type": "text/javascript",
						"exec": [
							""
						]
					}
				},
				{
					"listen": "test",
					"script": {
						"type": "text/javascript",
						"exec": [
							""
						]
					}
				}
			]
		},
		{
			"name": "Task 3 - Upload AppBundle",
			"item": [
				{
					"name": "Register the AppBundle",
					"event": [
						{
							"listen": "test",
							"script": {
								"exec": [
									"var body = JSON.parse(responseBody);",
									"pm.collectionVariables.set(\"dasAppBundleId\",body[\"id\"]);",
									"pm.collectionVariables.set(\"ChangeParamAppUrl\", body[\"uploadParameters\"][\"endpointURL\"]);",
									"pm.collectionVariables.set(\"ChangeParamAppVersion\", body[\"version\"]);",
									"pm.collectionVariables.set(\"ChangeParamAppFormDataKey\", body[\"uploadParameters\"][\"formData\"][\"key\"]);",
									"pm.collectionVariables.set(\"ChangeParamAppFormDataPolicy\", body[\"uploadParameters\"][\"formData\"][\"policy\"]);",
									"pm.collectionVariables.set(\"ChangeParamAppFormDataSignature\", body[\"uploadParameters\"][\"formData\"][\"x-amz-signature\"]);",
									"pm.collectionVariables.set(\"ChangeParamAppFormDataCredential\", body[\"uploadParameters\"][\"formData\"][\"x-amz-credential\"]);",
									"pm.collectionVariables.set(\"ChangeParamAppFormDataDate\", body[\"uploadParameters\"][\"formData\"][\"x-amz-date\"]);",
									"pm.collectionVariables.set(\"ChangeParamAppFormDataToken\", body[\"uploadParameters\"][\"formData\"][\"x-amz-security-token\"]);",
									"pm.collectionVariables.set(\"ChangeParamAppFormRedirect\", body[\"uploadParameters\"][\"formData\"][\"success_action_redirect\"]);"
								],
								"type": "text/javascript"
							}
						}
					],
					"request": {
						"method": "POST",
						"header": [
							{
								"key": "Authorization",
								"value": "Bearer {{dasApiToken}}",
								"type": "text"
							},
							{
								"key": "Content-Type",
								"value": "application/json",
								"type": "text"
							}
						],
						"body": {
							"mode": "raw",
							"raw": "{\n  \"id\": \"ChangeParamApp\",\n  \"engine\": \"Autodesk.Inventor+2024\",\n  \"description\": \"Change Parameters AppBundle based on Inventor 2024\"\n}"
						},
						"url": {
							"raw": "https://developer.api.autodesk.com/da/us-east/v3/appbundles",
							"protocol": "https",
							"host": [
								"developer",
								"api",
								"autodesk",
								"com"
							],
							"path": [
								"da",
								"us-east",
								"v3",
								"appbundles"
							]
						},
						"description": "[See documentation](https://aps.autodesk.com/en/docs/design-automation/v3/reference/http/appbundles-POST/)"
					},
					"response": []
				},
				{
					"name": "Upload the AppBundle",
					"event": [
						{
							"listen": "prerequest",
							"script": {
								"exec": [
									""
								],
								"type": "text/javascript"
							}
						},
						{
							"listen": "test",
							"script": {
								"exec": [
									""
								],
								"type": "text/javascript"
							}
						}
					],
					"request": {
						"method": "POST",
						"header": [],
						"body": {
							"mode": "formdata",
							"formdata": [
								{
									"key": "key",
									"value": "{{ChangeParamAppFormDataKey}}",
									"type": "text"
								},
								{
									"key": "content-type",
									"value": "application/octet-stream",
									"type": "text"
								},
								{
									"key": "policy",
									"value": "{{ChangeParamAppFormDataPolicy}}",
									"type": "text"
								},
								{
									"key": "success_action_status",
									"value": "200",
									"type": "text"
								},
								{
									"key": "x-amz-signature",
									"value": "{{ChangeParamAppFormDataSignature}}",
									"type": "text"
								},
								{
									"key": "x-amz-credential",
									"value": "{{ChangeParamAppFormDataCredential}}",
									"type": "text"
								},
								{
									"key": "x-amz-algorithm",
									"value": "AWS4-HMAC-SHA256",
									"type": "text"
								},
								{
									"key": "x-amz-date",
									"value": "{{ChangeParamAppFormDataDate}}",
									"type": "text"
								},
								{
									"key": "x-amz-server-side-encryption",
									"value": "AES256",
									"type": "text"
								},
								{
									"key": "x-amz-security-token",
									"value": "{{ChangeParamAppFormDataToken}}",
									"type": "text"
								},
								{
									"key": "success_action_redirect",
									"value": "{{ChangeParamAppFormRedirect}}",
									"type": "text"
								},
								{
									"key": "file",
									"type": "file",
									"src": []
								}
							]
						},
						"url": {
							"raw": "{{ChangeParamAppUrl}}",
							"host": [
								"{{ChangeParamAppUrl}}"
							]
						},
						"description": "This request to the Design Automation API uploads an AppBundle to APS.\n\n&nbsp;\n\nBefore you send this request: \n\n  1. Download the file *samplePlugin.bundle.zip* from the [*tutorial_data* folder of the repository that contained this Postman Collection](https://github.com/autodesk-platform-services/aps-tutorial-postman/tree/master/DA4Inventor/tutorial_data).\n  2. Go to the **Body** tab below.\n  3. Scroll down so that the **File** row is visible.\n  4. Click **Select** and pick *samplePlugin.bundle.zip*, which you downloaded in step 1."
					},
					"response": []
				},
				{
					"name": "Create an Alias for the AppBundle",
					"event": [
						{
							"listen": "test",
							"script": {
								"exec": [
									"var body = JSON.parse(responseBody);",
									"pm.collectionVariables.set(\"dasAppBundleAlias\", body[\"id\"]);"
								],
								"type": "text/javascript"
							}
						}
					],
					"request": {
						"method": "POST",
						"header": [
							{
								"key": "",
								"value": "",
								"disabled": true
							},
							{
								"key": "Authorization",
								"value": "Bearer {{dasApiToken}}"
							},
							{
								"key": "Content-Type",
								"value": "application/json"
							}
						],
						"body": {
							"mode": "raw",
							"raw": "{\r\n  \"version\": {{ChangeParamAppVersion}},\r\n  \"id\": \"my_working_version\"\r\n}"
						},
						"url": {
							"raw": "https://developer.api.autodesk.com/da/us-east/v3/appbundles/ChangeParamApp/aliases",
							"protocol": "https",
							"host": [
								"developer",
								"api",
								"autodesk",
								"com"
							],
							"path": [
								"da",
								"us-east",
								"v3",
								"appbundles",
								"ChangeParamApp",
								"aliases"
							]
						},
						"description": "[See documentation](https://aps.autodesk.com/en/docs/design-automation/v3/reference/http/appbundles-id-aliases-POST/)"
					},
					"response": []
				}
			],
			"event": [
				{
					"listen": "prerequest",
					"script": {
						"type": "text/javascript",
						"exec": [
							""
						]
					}
				},
				{
					"listen": "test",
					"script": {
						"type": "text/javascript",
						"exec": [
							""
						]
					}
				}
			]
		},
		{
			"name": "Task 4 - Publish an Activity",
			"item": [
				{
					"name": "Create a New Activity",
					"event": [
						{
							"listen": "test",
							"script": {
								"exec": [
									"var body = JSON.parse(responseBody);",
									"pm.collectionVariables.set(\"dasActivityName\",body[\"id\"]);"
								],
								"type": "text/javascript"
							}
						}
					],
					"request": {
						"method": "POST",
						"header": [
							{
								"key": "Content-Type",
								"value": "application/json"
							},
							{
								"key": "Authorization",
								"value": "Bearer {{dasApiToken}}"
							}
						],
						"body": {
							"mode": "raw",
							"raw": "{\n    \"id\": \"ChangeParamActivity\",\n    \"commandLine\": [\n        \"$(engine.path)\\\\InventorCoreConsole.exe /i \\\"$(args[InventorDoc].path)\\\" /al \\\"$(appbundles[ChangeParamApp].path)\\\" \\\"$(args[InventorParams].path)\\\"\"\n    ],\n    \"parameters\": {\n      \"InventorDoc\": {\n        \"zip\": false,\n        \"ondemand\": false,\n        \"verb\": \"get\",\n        \"description\": \"Input Inventor part file\",\n        \"localName\": \"Input.ipt\"\n      },\n       \"InventorParams\": {\n       \t\"zip\": false,\n       \t\"ondemand\": false,\n       \t\"verb\": \"get\",\n       \t\"description\" : \"JSON object containing new width and height parameters\",\n        \"localName\": \"params.json\"\n      },\n      \"OutputIpt\": {\n        \"zip\": false,\n        \"ondemand\": false,\n        \"optional\": true,\n        \"localName\": \"ResultSmall.ipt\",\n        \"verb\": \"post\"\n      },\n      \"OutputIam\": {\n        \"zip\": true,\n        \"ondemand\": false,\n        \"optional\": true,\n        \"localName\": \"ResultSmall.zip\",\n        \"verb\": \"post\"\n      },\n      \"OutputBmp\": {\n        \"zip\": false,\n        \"ondemand\": false,\n        \"optional\": true,\n        \"localName\": \"ResultSmall.bmp\",\n        \"verb\": \"post\"\n      }\n    },\n    \"engine\": \"Autodesk.Inventor+2024\",\n    \"appbundles\": [\n        \"{{dasAppBundleId}}+{{dasAppBundleAlias}}\"\n    ],\n    \"settings\": {},\n    \"description\": \"Resizes an Inventor part or assembly to the height and width parameters contained in the JSON object specified by the InventorParams parameter. Also produces a BMP file of the result.\"\n}"
						},
						"url": {
							"raw": "https://developer.api.autodesk.com/da/us-east/v3/activities",
							"protocol": "https",
							"host": [
								"developer",
								"api",
								"autodesk",
								"com"
							],
							"path": [
								"da",
								"us-east",
								"v3",
								"activities"
							]
						},
						"description": "[See documentation](https://aps.autodesk.com/en/docs/design-automation/v3/reference/http/activities-POST/)"
					},
					"response": []
				},
				{
					"name": "Create an Alias for the Activity",
					"event": [
						{
							"listen": "test",
							"script": {
								"exec": [
									"var body = JSON.parse(responseBody);",
									"pm.collectionVariables.set(\"dasActivityAlias\", body[\"id\"]);"
								],
								"type": "text/javascript"
							}
						}
					],
					"request": {
						"method": "POST",
						"header": [
							{
								"key": "Content-Type",
								"value": "application/json"
							},
							{
								"key": "Authorization",
								"value": "Bearer {{dasApiToken}} "
							}
						],
						"body": {
							"mode": "raw",
							"raw": "{\r\n    \"id\": \"my_current_version\",\r\n    \"version\": 1\r\n}"
						},
						"url": {
							"raw": "https://developer.api.autodesk.com/da/us-east/v3/activities/ChangeParamActivity/aliases",
							"protocol": "https",
							"host": [
								"developer",
								"api",
								"autodesk",
								"com"
							],
							"path": [
								"da",
								"us-east",
								"v3",
								"activities",
								"ChangeParamActivity",
								"aliases"
							]
						},
						"description": "[See documentation](https://aps.autodesk.com/en/docs/design-automation/v3/reference/http/appbundles-id-aliases-POST/)"
					},
					"response": []
				}
			]
		},
		{
			"name": "Task 5 - Prepare Cloud Storage Copy",
			"item": [
				{
					"name": "Create a Bucket",
					"event": [
						{
							"listen": "test",
							"script": {
								"exec": [
									""
								],
								"type": "text/javascript"
							}
						}
					],
					"request": {
						"auth": {
							"type": "noauth"
						},
						"method": "POST",
						"header": [
							{
								"key": "Content-Type",
								"value": "application/json"
							},
							{
								"key": "Authorization",
								"value": "Bearer {{dasApiToken}}"
							}
						],
						"body": {
							"mode": "raw",
							"raw": "{\n\t\"bucketKey\": \"{{ossBucketKey}}\",\n\t\"access\": \"full\",\n\t\"policyKey\": \"transient\"\n}\n"
						},
						"url": {
							"raw": "https://developer.api.autodesk.com/oss/v2/buckets",
							"protocol": "https",
							"host": [
								"developer",
								"api",
								"autodesk",
								"com"
							],
							"path": [
								"oss",
								"v2",
								"buckets"
							]
						},
						"description": "[See documentation](https://aps.autodesk.com/en/docs/data/v2/reference/http/buckets-POST/)"
					},
					"response": []
				},
				{
					"name": "Obtain Signed URL to Upload the Input File",
					"event": [
						{
							"listen": "test",
							"script": {
								"exec": [
									"var body = JSON.parse(responseBody);",
									"pm.collectionVariables.set(\"UploadKey\", body.uploadKey);",
									"pm.collectionVariables.set(\"ContentUploadSignedURL\", body.urls[0]);"
								],
								"type": "text/javascript"
							}
						}
					],
					"protocolProfileBehavior": {
						"disabledSystemHeaders": {}
					},
					"request": {
						"auth": {
							"type": "noauth"
						},
						"method": "GET",
						"header": [
							{
								"key": "Authorization",
								"value": "Bearer {{dasApiToken}}",
								"type": "text"
							}
						],
						"url": {
							"raw": "https://developer.api.autodesk.com/oss/v2/buckets/{{ossBucketKey}}/objects/{{ossDwgFileObjectKey}}/signeds3upload",
							"protocol": "https",
							"host": [
								"developer",
								"api",
								"autodesk",
								"com"
							],
							"path": [
								"oss",
								"v2",
								"buckets",
								"{{ossBucketKey}}",
								"objects",
								"{{ossDwgFileObjectKey}}",
								"signeds3upload"
							],
							"query": [
								{
									"key": "minutesExpiration",
									"value": "5",
									"disabled": true
								}
							]
						}
					},
					"response": []
				},
				{
					"name": "Upload the Input File to OSS Copy",
					"event": [
						{
							"listen": "test",
							"script": {
								"exec": [
									"console.log(pm.request.body.file.src)"
								],
								"type": "text/javascript"
							}
						}
					],
					"request": {
						"auth": {
							"type": "noauth"
						},
						"method": "PUT",
						"header": [
							{
								"key": "Authorization",
								"value": "Bearer {{dasApiToken}}",
								"type": "text",
								"disabled": true
							}
						],
						"body": {
							"mode": "file",
							"file": {
								"src": "/Users/pereraj/autodesk-jp-public-repos/aps-tutorial-postman/DA4ACAD/tutorial_data/Mechanical - Multileaders.dwg"
							}
						},
						"url": {
							"raw": "{{ContentUploadSignedURL}}",
							"host": [
								"{{ContentUploadSignedURL}}"
							]
						}
					},
					"response": []
				},
				{
					"name": "Complete the Upload",
					"event": [
						{
							"listen": "test",
							"script": {
								"exec": [
									"var body = JSON.parse(responseBody);",
									"pm.collectionVariables.set(\"ossInputFileObjectId\", body.objectId);"
								],
								"type": "text/javascript"
							}
						}
					],
					"protocolProfileBehavior": {
						"disabledSystemHeaders": {}
					},
					"request": {
						"auth": {
							"type": "noauth"
						},
						"method": "POST",
						"header": [
							{
								"key": "Authorization",
								"value": "Bearer {{dasApiToken}}",
								"type": "text"
							},
							{
								"key": "Content-Type",
								"value": "application/json",
								"type": "text"
							}
						],
						"body": {
							"mode": "raw",
							"raw": "{\n    \"uploadKey\":\"{{UploadKey}}\"\n}"
						},
						"url": {
							"raw": "https://developer.api.autodesk.com/oss/v2/buckets/{{ossBucketKey}}/objects/{{ossInputFileObjectKey}}/signeds3upload",
							"protocol": "https",
							"host": [
								"developer",
								"api",
								"autodesk",
								"com"
							],
							"path": [
								"oss",
								"v2",
								"buckets",
								"{{ossBucketKey}}",
								"objects",
								"{{ossInputFileObjectKey}}",
								"signeds3upload"
							]
						}
					},
					"response": []
				}
			],
			"event": [
				{
					"listen": "prerequest",
					"script": {
						"type": "text/javascript",
						"exec": [
							""
						]
					}
				},
				{
					"listen": "test",
					"script": {
						"type": "text/javascript",
						"exec": [
							""
						]
					}
				}
			]
		},
		{
			"name": "Task 6 - Submit a WorkItem",
			"item": [
				{
					"name": "Send WorkItem",
					"event": [
						{
							"listen": "test",
							"script": {
								"exec": [
									"var body = JSON.parse(responseBody);",
									"pm.environment.set(\"dasWorkItemId\", body[\"id\"]);"
								],
								"type": "text/javascript"
							}
						},
						{
							"listen": "prerequest",
							"script": {
								"exec": [
									""
								],
								"type": "text/javascript"
							}
						}
					],
					"request": {
						"method": "POST",
						"header": [
							{
								"key": "Content-Type",
								"value": "application/json"
							},
							{
								"key": "Authorization",
								"value": "Bearer {{dasApiToken}}"
							}
						],
						"body": {
							"mode": "raw",
							"raw": "{\n    \"activityId\": \"{{dasActivityName}}+{{dasActivityAlias}}\",\n    \"arguments\": {\n        \"InventorDoc\": {\n            \"url\": \"urn:adsk.objects:os.object:{{ossBucketKey}}/{{ossInputFileObjectKey}}\",\n            \"verb\": \"get\",\n            \"headers\": {\n                \"Authorization\": \"Bearer {{dasApiToken}}\"\n            }\n        },\n        \"InventorParams\": {\n            \"url\": \"data:application/json,{\\\"height\\\":\\\"16 in\\\", \\\"width\\\":\\\"10 in\\\"}\"\n        },\n        \"OutputIpt\": {\n            \"url\": \"urn:adsk.objects:os.object:{{ossBucketKey}}/{{ossOutputIptFileObjectKey}}\",\n            \"verb\": \"put\",\n            \"headers\": {\n                \"Authorization\": \"Bearer {{dasApiToken}}\"\n            }\n        },\n        \"OutputBmp\": {\n            \"url\": \"urn:adsk.objects:os.object:{{ossBucketKey}}/{{ossOutputBmpFileObjectKey}}\",\n            \"verb\": \"put\",\n            \"headers\": {\n                \"Authorization\": \"Bearer {{dasApiToken}}\"\n            }\n        }\n    }\n}"
						},
						"url": {
							"raw": "https://developer.api.autodesk.com/da/us-east/v3/workitems",
							"protocol": "https",
							"host": [
								"developer",
								"api",
								"autodesk",
								"com"
							],
							"path": [
								"da",
								"us-east",
								"v3",
								"workitems"
							]
						},
						"description": "[See documentation](https://aps.autodesk.com/en/docs/design-automation/v3/reference/http/workitems-POST/)"
					},
					"response": []
				},
				{
					"name": "Check Status of the WorkItem",
					"request": {
						"method": "GET",
						"header": [
							{
								"key": "Content-Type",
								"value": "application/json"
							},
							{
								"key": "Authorization",
								"value": "Bearer {{dasApiToken}}"
							}
						],
						"url": {
							"raw": "https://developer.api.autodesk.com/da/us-east/v3/workitems/{{dasWorkItemId}}",
							"protocol": "https",
							"host": [
								"developer",
								"api",
								"autodesk",
								"com"
							],
							"path": [
								"da",
								"us-east",
								"v3",
								"workitems",
								"{{dasWorkItemId}}"
							]
						},
						"description": "[See documentation](https://aps.autodesk.com/en/docs/design-automation/v3/reference/http/workitems-id-GET/)"
					},
					"response": []
				}
			],
			"event": [
				{
					"listen": "prerequest",
					"script": {
						"type": "text/javascript",
						"exec": [
							""
						]
					}
				},
				{
					"listen": "test",
					"script": {
						"type": "text/javascript",
						"exec": [
							""
						]
					}
				}
			]
		},
		{
			"name": "Task 7 - Download the Results",
			"item": [
				{
					"name": "Get S3 Download URL for Resized IPT file",
					"event": [
						{
							"listen": "test",
							"script": {
								"exec": [
									"var body = JSON.parse(responseBody);",
									"pm.environment.set(\"ossOutputIptFileDownloadUrl\", body[\"url\"]);",
									""
								],
								"type": "text/javascript"
							}
						}
					],
					"protocolProfileBehavior": {
						"disableBodyPruning": true
					},
					"request": {
						"method": "GET",
						"header": [
							{
								"key": "Content-Type",
								"value": "application/json"
							},
							{
								"key": "Authorization",
								"value": "Bearer {{dasApiToken}}"
							}
						],
						"body": {
							"mode": "raw",
							"raw": "{}\n"
						},
						"url": {
							"raw": "https://developer.api.autodesk.com/oss/v2/buckets/{{ossBucketKey}}/objects/{{ossOutputIptFileObjectKey}}/signeds3download",
							"protocol": "https",
							"host": [
								"developer",
								"api",
								"autodesk",
								"com"
							],
							"path": [
								"oss",
								"v2",
								"buckets",
								"{{ossBucketKey}}",
								"objects",
								"{{ossOutputIptFileObjectKey}}",
								"signeds3download"
							]
						},
						"description": "[See documentation](https://aps.autodesk.com/en/docs/data/v2/reference/http/buckets-:bucketKey-objects-:objectName-signed-POST/)"
					},
					"response": []
				},
				{
					"name": "Download Resized IPT file from OSS",
					"request": {
						"method": "GET",
						"header": [],
						"url": {
							"raw": "{{ossOutputIptFileDownloadUrl}}",
							"host": [
								"{{ossOutputIptFileDownloadUrl}}"
							]
						},
						"description": "[See documentation](https://aps.autodesk.com/en/docs/data/v2/reference/http/buckets-:bucketKey-objects-:objectName-GET/)"
					},
					"response": []
				},
				{
					"name": "Get S3 Download URL for Generated BMP",
					"event": [
						{
							"listen": "test",
							"script": {
								"exec": [
									"var body = JSON.parse(responseBody);",
									"pm.environment.set(\"ossOutputBmpFileDownloadUrl\", body[\"url\"]);",
									""
								],
								"type": "text/javascript"
							}
						}
					],
					"protocolProfileBehavior": {
						"disableBodyPruning": true
					},
					"request": {
						"method": "GET",
						"header": [
							{
								"key": "Content-Type",
								"value": "application/json"
							},
							{
								"key": "Authorization",
								"value": "Bearer {{dasApiToken}}"
							}
						],
						"body": {
							"mode": "raw",
							"raw": "{}\n"
						},
						"url": {
							"raw": "https://developer.api.autodesk.com/oss/v2/buckets/{{ossBucketKey}}/objects/{{ossOutputBmpFileObjectKey}}/signeds3download",
							"protocol": "https",
							"host": [
								"developer",
								"api",
								"autodesk",
								"com"
							],
							"path": [
								"oss",
								"v2",
								"buckets",
								"{{ossBucketKey}}",
								"objects",
								"{{ossOutputBmpFileObjectKey}}",
								"signeds3download"
							]
						},
						"description": "[See documentation](https://aps.autodesk.com/en/docs/data/v2/reference/http/buckets-:bucketKey-objects-:objectName-signed-POST/)"
					},
					"response": []
				},
				{
					"name": "Download Generated BMP file from OSS",
					"request": {
						"method": "GET",
						"header": [],
						"url": {
							"raw": "{{ossOutputBmpFileDownloadUrl}}",
							"host": [
								"{{ossOutputBmpFileDownloadUrl}}"
							]
						},
						"description": "[See documentation](https://aps.autodesk.com/en/docs/data/v2/reference/http/buckets-:bucketKey-objects-:objectName-GET/)"
					},
					"response": []
				}
			],
			"event": [
				{
					"listen": "prerequest",
					"script": {
						"type": "text/javascript",
						"exec": [
							""
						]
					}
				},
				{
					"listen": "test",
					"script": {
						"type": "text/javascript",
						"exec": [
							""
						]
					}
				}
			]
		},
		{
			"name": "Extras",
			"item": [
				{
					"name": "My App Nickname",
					"request": {
						"method": "GET",
						"header": [
							{
								"key": "Authorization",
								"value": "Bearer {{dasApiToken}}",
								"type": "text"
							}
						],
						"url": {
							"raw": "https://developer.api.autodesk.com/da/us-east/v3/forgeapps/me",
							"protocol": "https",
							"host": [
								"developer",
								"api",
								"autodesk",
								"com"
							],
							"path": [
								"da",
								"us-east",
								"v3",
								"forgeapps",
								"me"
							]
						}
					},
					"response": []
				},
				{
					"name": "Delete App Data in Design Automation",
					"request": {
						"method": "DELETE",
						"header": [
							{
								"key": "Content-Type",
								"value": "application/json"
							},
							{
								"key": "Authorization",
								"value": "Bearer {{dasApiToken}}"
							}
						],
						"body": {
							"mode": "raw",
							"raw": ""
						},
						"url": {
							"raw": "https://developer.api.autodesk.com/da/us-east/v3/forgeapps/me",
							"protocol": "https",
							"host": [
								"developer",
								"api",
								"autodesk",
								"com"
							],
							"path": [
								"da",
								"us-east",
								"v3",
								"forgeapps",
								"me"
							]
						},
						"description": "[See documentation](https://aps.autodesk.com/en/docs/design-automation/v3/reference/http/forgeapps-id-DELETE/)"
					},
					"response": []
				},
				{
					"name": "Delete OSS Bucket",
					"event": [
						{
							"listen": "test",
							"script": {
								"exec": [
									""
								],
								"type": "text/javascript"
							}
						}
					],
					"request": {
						"method": "DELETE",
						"header": [
							{
								"key": "Content-Type",
								"value": "application/json"
							},
							{
								"key": "Authorization",
								"value": "Bearer {{dasApiToken}}"
							}
						],
						"body": {
							"mode": "raw",
							"raw": ""
						},
						"url": {
							"raw": "https://developer.api.autodesk.com/oss/v2/buckets/{{ossBucketKey}}",
							"protocol": "https",
							"host": [
								"developer",
								"api",
								"autodesk",
								"com"
							],
							"path": [
								"oss",
								"v2",
								"buckets",
								"{{ossBucketKey}}"
							]
						},
						"description": "[See documentation](https://aps.autodesk.com/en/docs/data/v2/reference/http/buckets-:bucketKey-DELETE/)"
					},
					"response": []
				},
				{
					"name": "List engines",
					"protocolProfileBehavior": {
						"disableBodyPruning": true
					},
					"request": {
						"method": "GET",
						"header": [
							{
								"key": "Authorization",
								"value": "Bearer {{dasApiToken}}",
								"type": "text"
							},
							{
								"key": "Content-Type",
								"name": "Content-Type",
								"value": "application/json",
								"type": "text"
							}
						],
						"body": {
							"mode": "raw",
							"raw": "",
							"options": {
								"raw": {
									"language": "json"
								}
							}
						},
						"url": {
							"raw": "https://developer.api.autodesk.com/da/us-east/v3/engines",
							"protocol": "https",
							"host": [
								"developer",
								"api",
								"autodesk",
								"com"
							],
							"path": [
								"da",
								"us-east",
								"v3",
								"engines"
							]
						},
						"description": "[See documentation](https://aps.autodesk.com/en/docs/design-automation/v3/reference/http/engines-GET/)"
					},
					"response": []
				},
				{
					"name": "List Activities",
					"request": {
						"method": "GET",
						"header": [
							{
								"key": "Authorization",
								"value": "Bearer {{dasApiToken}}",
								"type": "text"
							}
						],
						"url": {
							"raw": "https://developer.api.autodesk.com/da/us-east/v3/activities",
							"protocol": "https",
							"host": [
								"developer",
								"api",
								"autodesk",
								"com"
							],
							"path": [
								"da",
								"us-east",
								"v3",
								"activities"
							]
						},
						"description": "[See documentation](https://aps.autodesk.com/en/docs/design-automation/v3/reference/http/activities-GET/)"
					},
					"response": []
				},
				{
					"name": "List objects in a Bucket",
					"request": {
						"method": "GET",
						"header": [
							{
								"key": "Authorization",
								"value": "Bearer {{dasApiToken}}",
								"type": "text"
							}
						],
						"url": {
							"raw": "https://developer.api.autodesk.com/oss/v2/buckets/{{ossBucketKey}}/objects",
							"protocol": "https",
							"host": [
								"developer",
								"api",
								"autodesk",
								"com"
							],
							"path": [
								"oss",
								"v2",
								"buckets",
								"{{ossBucketKey}}",
								"objects"
							]
						},
						"description": "[See documentation](https://aps.autodesk.com/en/docs/data/v2/reference/http/buckets-:bucketKey-objects-GET/)"
					},
					"response": []
				},
				{
					"name": "List Buckets",
					"request": {
						"method": "GET",
						"header": [
							{
								"key": "Authorization",
								"value": "Bearer {{dasApiToken}}",
								"type": "text"
							}
						],
						"url": {
							"raw": "https://developer.api.autodesk.com/oss/v2/buckets",
							"protocol": "https",
							"host": [
								"developer",
								"api",
								"autodesk",
								"com"
							],
							"path": [
								"oss",
								"v2",
								"buckets"
							]
						},
						"description": "[See documentation](https://aps.autodesk.com/en/docs/data/v2/reference/http/buckets-GET/)"
					},
					"response": []
				},
				{
					"name": "Get Bucket Details",
					"request": {
						"method": "GET",
						"header": [
							{
								"key": "Authorization",
								"value": "Bearer {{dasApiToken}}",
								"type": "text"
							}
						],
						"url": {
							"raw": "https://developer.api.autodesk.com/oss/v2/buckets/{{ossBucketKey}}/details",
							"protocol": "https",
							"host": [
								"developer",
								"api",
								"autodesk",
								"com"
							],
							"path": [
								"oss",
								"v2",
								"buckets",
								"{{ossBucketKey}}",
								"details"
							]
						},
						"description": "[See documentation](https://aps.autodesk.com/en/docs/data/v2/reference/http/buckets-:bucketKey-details-GET/)"
					},
					"response": []
				}
			],
			"event": [
				{
					"listen": "prerequest",
					"script": {
						"type": "text/javascript",
						"exec": [
							""
						]
					}
				},
				{
					"listen": "test",
					"script": {
						"type": "text/javascript",
						"exec": [
							""
						]
					}
				}
			]
		}
	],
	"variable": [
		{
			"key": "client_auth_keys",
			"value": ""
		},
		{
			"key": "dasApiToken",
			"value": ""
		},
		{
			"key": "dasAppBundleId",
			"value": ""
		},
		{
			"key": "ChangeParamAppUrl",
			"value": ""
		},
		{
			"key": "ChangeParamAppVersion",
			"value": ""
		},
		{
			"key": "ChangeParamAppFormDataKey",
			"value": ""
		},
		{
			"key": "ChangeParamAppFormDataPolicy",
			"value": ""
		},
		{
			"key": "ChangeParamAppFormDataSignature",
			"value": ""
		},
		{
			"key": "ChangeParamAppFormDataCredential",
			"value": ""
		},
		{
			"key": "ChangeParamAppFormDataDate",
			"value": ""
		},
		{
			"key": "ChangeParamAppFormDataToken",
			"value": ""
		},
		{
			"key": "ChangeParamAppFormRedirect",
			"value": ""
		},
		{
			"key": "dasAppBundleAlias",
			"value": ""
		},
		{
			"key": "dasActivityName",
			"value": ""
		},
		{
			"key": "dasActivityAlias",
			"value": ""
		},
		{
			"key": "UploadKey",
			"value": ""
		},
		{
			"key": "ContentUploadSignedURL",
			"value": ""
		},
		{
			"key": "ossInputFileObjectId",
			"value": ""
		}
	]
}